status,reason,raw_file,snippet_id,source_label,source_type,target_label,subject,object,normalized_object
dropped,label_not_kept,asprin.json,aspirin_lead_class_use_01,drug_class,drug_class,,Aspirin,nonsteroidal anti-inflammatory drug,
included,,asprin.json,aspirin_lead_class_use_01,medical_use,indication,treats_condition,Aspirin,pain,pain
included,,asprin.json,aspirin_lead_class_use_01,medical_use,indication,treats_condition,Aspirin,fever,fever
included,,asprin.json,aspirin_lead_class_use_01,medical_use,indication,treats_condition,Aspirin,inflammation,inflammation
included,,asprin.json,aspirin_lead_class_use_01,medical_use,indication,treats_condition,Aspirin,antithrombotic use,antithrombotic use
included,,asprin.json,aspirin_lead_class_use_01,medical_use,indication,treats_condition,Aspirin,Kawasaki disease,kawasaki disease
included,,asprin.json,aspirin_lead_class_use_01,medical_use,indication,treats_condition,Aspirin,pericarditis,pericarditis
included,,asprin.json,aspirin_lead_class_use_01,medical_use,indication,treats_condition,Aspirin,rheumatic fever,rheumatic fever
included,,asprin.json,aspirin_lead_prevention_01,medical_use,indication,treats_condition,Aspirin,heart attack prevention,heart attack prevention
included,,asprin.json,aspirin_lead_prevention_01,medical_use,indication,treats_condition,Aspirin,ischaemic stroke prevention,ischaemic stroke prevention
included,,asprin.json,aspirin_lead_prevention_01,medical_use,indication,treats_condition,Aspirin,blood clot prevention,blood clot prevention
dropped,label_not_kept,asprin.json,aspirin_lead_prevention_01,mechanism,mechanism,,Aspirin,suppresses platelet function,
included,,asprin.json,aspirin_lead_adverse_warning_01,adverse_effect,adverse_effect,causes_side_effect,Aspirin,upset stomach,upset stomach
included,,asprin.json,aspirin_lead_adverse_warning_01,adverse_effect,adverse_effect,causes_side_effect,Aspirin,stomach ulcer,stomach ulcer
included,,asprin.json,aspirin_lead_adverse_warning_01,adverse_effect,adverse_effect,causes_side_effect,Aspirin,stomach bleeding,stomach bleeding
included,,asprin.json,aspirin_lead_adverse_warning_01,adverse_effect,adverse_effect,causes_side_effect,Aspirin,worsening asthma,worsening asthma
included,,asprin.json,aspirin_lead_adverse_warning_01,contraindication_or_warning,warning,contraindicated_for,Aspirin,last part of pregnancy,last part of pregnancy
included,,asprin.json,aspirin_lead_adverse_warning_01,contraindication_or_warning,warning,contraindicated_for,Aspirin,children with viral infection,children with viral infection
dropped,label_not_kept,asprin.json,aspirin_mechanism_01,mechanism,mechanism,,Aspirin,suppresses prostaglandin production,
dropped,label_not_kept,asprin.json,aspirin_mechanism_01,mechanism,mechanism,,Aspirin,suppresses thromboxane production,
dropped,label_not_kept,asprin.json,aspirin_mechanism_01,mechanism,mechanism,,Aspirin,irreversibly inactivates cyclooxygenase,
included,,asprin.json,aspirin_medical_use_01,medical_use,indication,treats_condition,Aspirin,rheumatoid arthritis,rheumatoid arthritis
included,,asprin.json,aspirin_pain_01,medical_use,indication,treats_condition,Aspirin,acute pain,acute pain
included,,asprin.json,aspirin_pain_01,adverse_effect,adverse_effect,causes_side_effect,Aspirin,gastrointestinal bleeding,gastrointestinal bleeding
included,,asprin.json,aspirin_inflammation_01,medical_use,indication,treats_condition,Aspirin,inflammatory disease,inflammatory disease
included,,asprin.json,aspirin_contraindications_01,contraindication_or_warning,warning,contraindicated_for,Aspirin,ibuprofen allergy,ibuprofen allergy
included,,asprin.json,aspirin_contraindications_01,contraindication_or_warning,warning,contraindicated_for,Aspirin,naproxen allergy,naproxen allergy
included,,asprin.json,aspirin_contraindications_01,contraindication_or_warning,warning,contraindicated_for,Aspirin,salicylate intolerance,salicylate intolerance
included,,asprin.json,aspirin_contraindications_01,contraindication_or_warning,warning,contraindicated_for,Aspirin,NSAID intolerance,nsaid intolerance
included,,asprin.json,aspirin_contraindications_01,contraindication_or_warning,warning,contraindicated_for,Aspirin,asthma,asthma
included,,asprin.json,aspirin_contraindications_01,contraindication_or_warning,warning,contraindicated_for,Aspirin,NSAID-precipitated bronchospasm,nsaid-precipitated bronchospasm
included,,asprin.json,aspirin_contraindications_02,contraindication_or_warning,warning,contraindicated_for,Aspirin,peptic ulcer,peptic ulcer
included,,asprin.json,aspirin_contraindications_02,contraindication_or_warning,warning,contraindicated_for,Aspirin,mild diabetes,mild diabetes
included,,asprin.json,aspirin_contraindications_02,contraindication_or_warning,warning,contraindicated_for,Aspirin,gastritis,gastritis
included,,asprin.json,aspirin_contraindications_02,contraindication_or_warning,warning,contraindicated_for,Aspirin,alcohol use,alcohol use
included,,asprin.json,aspirin_contraindications_02,contraindication_or_warning,warning,contraindicated_for,Aspirin,warfarin use,warfarin use
included,,asprin.json,aspirin_contraindications_02,contraindication_or_warning,warning,contraindicated_for,Aspirin,hemophilia,hemophilia
included,,asprin.json,aspirin_contraindications_02,contraindication_or_warning,warning,contraindicated_for,Aspirin,bleeding tendency,bleeding tendency
included,,asprin.json,aspirin_contraindications_02,adverse_effect,adverse_effect,causes_side_effect,Aspirin,hemolytic anemia,hemolytic anemia
included,,asprin.json,aspirin_contraindications_02,contraindication_or_warning,warning,contraindicated_for,Aspirin,glucose-6-phosphate dehydrogenase deficiency,glucose-6-phosphate dehydrogenase deficiency
included,,asprin.json,aspirin_contraindications_02,contraindication_or_warning,warning,contraindicated_for,Aspirin,dengue fever,dengue fever
included,,asprin.json,aspirin_gastrointestinal_01,adverse_effect,adverse_effect,causes_side_effect,Aspirin,upper gastrointestinal bleeding,upper gastrointestinal bleeding
included,,asprin.json,aspirin_skin_01,adverse_effect,adverse_effect,causes_side_effect,Aspirin,hives,hives
included,,asprin.json,aspirin_skin_01,adverse_effect,adverse_effect,causes_side_effect,Aspirin,swelling,swelling
included,,asprin.json,aspirin_skin_01,adverse_effect,adverse_effect,causes_side_effect,Aspirin,headache,headache
dropped,label_not_kept,atorvastatin.json,atorvastatin_lead_use_01,drug_class,drug_class,,Atorvastatin,statin medication,
included,,atorvastatin.json,atorvastatin_lead_use_01,medical_use,indication,treats_condition,Atorvastatin,cardiovascular disease prevention,cardiovascular disease prevention
included,,atorvastatin.json,atorvastatin_lead_use_01,medical_use,indication,treats_condition,Atorvastatin,abnormal lipid level,abnormal lipid level
included,,atorvastatin.json,atorvastatin_lead_adverse_warning_01,adverse_effect,adverse_effect,causes_side_effect,Atorvastatin,diarrhea,diarrhea
included,,atorvastatin.json,atorvastatin_lead_adverse_warning_01,adverse_effect,adverse_effect,causes_side_effect,Atorvastatin,heartburn,heartburn
included,,atorvastatin.json,atorvastatin_lead_adverse_warning_01,adverse_effect,adverse_effect,causes_side_effect,Atorvastatin,nausea,nausea
included,,atorvastatin.json,atorvastatin_lead_adverse_warning_01,adverse_effect,adverse_effect,causes_side_effect,Atorvastatin,muscle pain,muscle pain
included,,atorvastatin.json,atorvastatin_lead_adverse_warning_01,adverse_effect,adverse_effect,causes_side_effect,Atorvastatin,joint pain,joint pain
included,,atorvastatin.json,atorvastatin_lead_adverse_warning_01,adverse_effect,adverse_effect,causes_side_effect,Atorvastatin,muscle symptom,muscle symptom
included,,atorvastatin.json,atorvastatin_lead_adverse_warning_01,adverse_effect,adverse_effect,causes_side_effect,Atorvastatin,rhabdomyolysis,rhabdomyolysis
included,,atorvastatin.json,atorvastatin_lead_adverse_warning_01,adverse_effect,adverse_effect,causes_side_effect,Atorvastatin,liver problem,liver problem
included,,atorvastatin.json,atorvastatin_lead_adverse_warning_01,adverse_effect,adverse_effect,causes_side_effect,Atorvastatin,diabetes,diabetes
included,,atorvastatin.json,atorvastatin_lead_adverse_warning_01,contraindication_or_warning,warning,contraindicated_for,Atorvastatin,pregnancy,pregnancy
dropped,label_not_kept,atorvastatin.json,atorvastatin_lead_mechanism_01,mechanism,mechanism,,Atorvastatin,inhibits HMG-CoA reductase,
included,,atorvastatin.json,atorvastatin_medical_uses_01,medical_use,indication,treats_condition,Atorvastatin,dyslipidemia,dyslipidemia
included,,atorvastatin.json,atorvastatin_dyslipidemia_01,medical_use,indication,treats_condition,Atorvastatin,hypercholesterolemia,hypercholesterolemia
included,,atorvastatin.json,atorvastatin_dyslipidemia_01,medical_use,indication,treats_condition,Atorvastatin,mixed dyslipidemia,mixed dyslipidemia
included,,atorvastatin.json,atorvastatin_dyslipidemia_02,medical_use,indication,treats_condition,Atorvastatin,heterozygous familial hypercholesterolemia in children,heterozygous familial hypercholesterolemia in children
included,,atorvastatin.json,atorvastatin_dyslipidemia_03,medical_use,indication,treats_condition,Atorvastatin,homozygous familial hypercholesterolemia,homozygous familial hypercholesterolemia
included,,atorvastatin.json,atorvastatin_dyslipidemia_04,medical_use,indication,treats_condition,Atorvastatin,hypertriglyceridemia,hypertriglyceridemia
included,,atorvastatin.json,atorvastatin_dyslipidemia_05,medical_use,indication,treats_condition,Atorvastatin,primary dysbetalipoproteinemia,primary dysbetalipoproteinemia
included,,atorvastatin.json,atorvastatin_dyslipidemia_06,medical_use,indication,treats_condition,Atorvastatin,combined hyperlipidemia,combined hyperlipidemia
included,,atorvastatin.json,atorvastatin_cardiovascular_01,medical_use,indication,treats_condition,Atorvastatin,heart attack prevention,heart attack prevention
included,,atorvastatin.json,atorvastatin_cardiovascular_01,medical_use,indication,treats_condition,Atorvastatin,stroke prevention,stroke prevention
included,,atorvastatin.json,atorvastatin_cardiovascular_01,medical_use,indication,treats_condition,Atorvastatin,revascularization procedure prevention,revascularization procedure prevention
included,,atorvastatin.json,atorvastatin_cardiovascular_01,contraindication_or_warning,warning,contraindicated_for,Atorvastatin,smoking,smoking
included,,atorvastatin.json,atorvastatin_cardiovascular_01,contraindication_or_warning,warning,contraindicated_for,Atorvastatin,high blood pressure,high blood pressure
included,,atorvastatin.json,atorvastatin_cardiovascular_01,contraindication_or_warning,warning,contraindicated_for,Atorvastatin,low HDL-C,low hdl-c
included,,atorvastatin.json,atorvastatin_cardiovascular_01,contraindication_or_warning,warning,contraindicated_for,Atorvastatin,family history of early heart disease,family history of early heart disease
included,,atorvastatin.json,atorvastatin_contraindications_01,contraindication_or_warning,warning,contraindicated_for,Atorvastatin,active liver disease,active liver disease
included,,atorvastatin.json,atorvastatin_contraindications_01,contraindication_or_warning,warning,contraindicated_for,Atorvastatin,cholestasis,cholestasis
included,,atorvastatin.json,atorvastatin_contraindications_01,contraindication_or_warning,warning,contraindicated_for,Atorvastatin,hepatic encephalopathy,hepatic encephalopathy
included,,atorvastatin.json,atorvastatin_contraindications_01,contraindication_or_warning,warning,contraindicated_for,Atorvastatin,hepatitis,hepatitis
included,,atorvastatin.json,atorvastatin_contraindications_01,contraindication_or_warning,warning,contraindicated_for,Atorvastatin,jaundice,jaundice
included,,atorvastatin.json,atorvastatin_contraindications_pregnancy_01,contraindication_or_warning,warning,contraindicated_for,Atorvastatin,pregnancy,pregnancy
included,,atorvastatin.json,atorvastatin_contraindications_pregnancy_01,adverse_effect,adverse_effect,causes_side_effect,Atorvastatin,fetal harm,fetal harm
included,,atorvastatin.json,atorvastatin_side_effects_other_02,adverse_effect,adverse_effect,causes_side_effect,Atorvastatin,lack of energy,lack of energy
included,,atorvastatin.json,atorvastatin_side_effects_other_02,adverse_effect,adverse_effect,causes_side_effect,Atorvastatin,extreme tiredness,extreme tiredness
included,,atorvastatin.json,atorvastatin_side_effects_other_03,adverse_effect,adverse_effect,causes_side_effect,Atorvastatin,fever,fever
included,,atorvastatin.json,atorvastatin_side_effects_other_04,adverse_effect,adverse_effect,causes_side_effect,Atorvastatin,chest pain,chest pain
included,,atorvastatin.json,atorvastatin_side_effects_other_05,adverse_effect,adverse_effect,causes_side_effect,Atorvastatin,unusual bleeding,unusual bleeding
included,,atorvastatin.json,atorvastatin_side_effects_other_05,adverse_effect,adverse_effect,causes_side_effect,Atorvastatin,unusual bruising,unusual bruising
included,,atorvastatin.json,atorvastatin_side_effects_other_06,adverse_effect,adverse_effect,causes_side_effect,Atorvastatin,loss of appetite,loss of appetite
included,,atorvastatin.json,atorvastatin_side_effects_other_07,adverse_effect,adverse_effect,causes_side_effect,Atorvastatin,upper right stomach pain,upper right stomach pain
included,,atorvastatin.json,atorvastatin_side_effects_other_08,adverse_effect,adverse_effect,causes_side_effect,Atorvastatin,flu-like symptom,flu-like symptom
included,,atorvastatin.json,atorvastatin_side_effects_other_09,adverse_effect,adverse_effect,causes_side_effect,Atorvastatin,dark colored urine,dark colored urine
included,,atorvastatin.json,atorvastatin_side_effects_other_10,adverse_effect,adverse_effect,causes_side_effect,Atorvastatin,yellowing skin,yellowing skin
included,,atorvastatin.json,atorvastatin_side_effects_other_10,adverse_effect,adverse_effect,causes_side_effect,Atorvastatin,yellowing eyes,yellowing eyes
included,,atorvastatin.json,atorvastatin_side_effects_other_11,adverse_effect,adverse_effect,causes_side_effect,Atorvastatin,rash,rash
included,,atorvastatin.json,atorvastatin_side_effects_other_12,adverse_effect,adverse_effect,causes_side_effect,Atorvastatin,hives,hives
included,,atorvastatin.json,atorvastatin_side_effects_other_13,adverse_effect,adverse_effect,causes_side_effect,Atorvastatin,itching,itching
included,,atorvastatin.json,atorvastatin_side_effects_other_14,adverse_effect,adverse_effect,causes_side_effect,Atorvastatin,difficulty breathing,difficulty breathing
included,,atorvastatin.json,atorvastatin_side_effects_other_14,adverse_effect,adverse_effect,causes_side_effect,Atorvastatin,difficulty swallowing,difficulty swallowing
included,,atorvastatin.json,atorvastatin_side_effects_other_15,adverse_effect,adverse_effect,causes_side_effect,Atorvastatin,face swelling,face swelling
included,,atorvastatin.json,atorvastatin_side_effects_other_15,adverse_effect,adverse_effect,causes_side_effect,Atorvastatin,throat swelling,throat swelling
included,,atorvastatin.json,atorvastatin_side_effects_other_15,adverse_effect,adverse_effect,causes_side_effect,Atorvastatin,tongue swelling,tongue swelling
included,,atorvastatin.json,atorvastatin_side_effects_other_15,adverse_effect,adverse_effect,causes_side_effect,Atorvastatin,lip swelling,lip swelling
included,,atorvastatin.json,atorvastatin_side_effects_other_15,adverse_effect,adverse_effect,causes_side_effect,Atorvastatin,eye swelling,eye swelling
included,,atorvastatin.json,atorvastatin_side_effects_other_15,adverse_effect,adverse_effect,causes_side_effect,Atorvastatin,hand swelling,hand swelling
included,,atorvastatin.json,atorvastatin_side_effects_other_15,adverse_effect,adverse_effect,causes_side_effect,Atorvastatin,foot swelling,foot swelling
included,,atorvastatin.json,atorvastatin_side_effects_other_15,adverse_effect,adverse_effect,causes_side_effect,Atorvastatin,ankle swelling,ankle swelling
included,,atorvastatin.json,atorvastatin_side_effects_other_15,adverse_effect,adverse_effect,causes_side_effect,Atorvastatin,lower leg swelling,lower leg swelling
included,,atorvastatin.json,atorvastatin_side_effects_other_16,adverse_effect,adverse_effect,causes_side_effect,Atorvastatin,hoarseness,hoarseness
included,,atorvastatin.json,atorvastatin_side_effects_glucose_01,adverse_effect,adverse_effect,causes_side_effect,Atorvastatin,increased fasting blood glucose,increased fasting blood glucose
included,,atorvastatin.json,atorvastatin_side_effects_glucose_01,contraindication_or_warning,warning,contraindicated_for,Atorvastatin,type 2 diabetes,type 2 diabetes
included,,atorvastatin.json,atorvastatin_side_effects_cognitive_01,adverse_effect,adverse_effect,causes_side_effect,Atorvastatin,memory loss,memory loss
included,,atorvastatin.json,atorvastatin_side_effects_cognitive_01,adverse_effect,adverse_effect,causes_side_effect,Atorvastatin,confusion,confusion
included,,atorvastatin.json,atorvastatin_interactions_01,contraindication_or_warning,warning,interacts_with,Atorvastatin,CYP3A4 inhibitor use,CYP3A4 inhibitors
included,,atorvastatin.json,atorvastatin_interactions_01,contraindication_or_warning,warning,interacts_with,Atorvastatin,itraconazole use,Itraconazole
included,,atorvastatin.json,atorvastatin_interactions_01,contraindication_or_warning,warning,interacts_with,Atorvastatin,telithromycin use,Telithromycin
included,,atorvastatin.json,atorvastatin_interactions_01,contraindication_or_warning,warning,interacts_with,Atorvastatin,voriconazole use,Voriconazole
included,,atorvastatin.json,atorvastatin_interactions_02,contraindication_or_warning,warning,interacts_with,Atorvastatin,diltiazem use,Diltiazem
included,,atorvastatin.json,atorvastatin_interactions_02,contraindication_or_warning,warning,interacts_with,Atorvastatin,erythromycin use,Erythromycin
included,,atorvastatin.json,atorvastatin_interactions_02,contraindication_or_warning,warning,interacts_with,Atorvastatin,fluconazole use,Fluconazole
included,,atorvastatin.json,atorvastatin_interactions_02,contraindication_or_warning,warning,interacts_with,Atorvastatin,ketoconazole use,Ketoconazole
included,,atorvastatin.json,atorvastatin_interactions_02,contraindication_or_warning,warning,interacts_with,Atorvastatin,clarithromycin use,Clarithromycin
included,,atorvastatin.json,atorvastatin_interactions_02,contraindication_or_warning,warning,interacts_with,Atorvastatin,cyclosporine use,Cyclosporine
included,,atorvastatin.json,atorvastatin_interactions_02,contraindication_or_warning,warning,interacts_with,Atorvastatin,protease inhibitor use,protease inhibitors
included,,atorvastatin.json,atorvastatin_interactions_02,contraindication_or_warning,warning,interacts_with,Atorvastatin,verapamil use,Verapamil
included,,atorvastatin.json,atorvastatin_interactions_02,contraindication_or_warning,warning,interacts_with,Atorvastatin,amiodarone use,Amiodarone
included,,atorvastatin.json,atorvastatin_interactions_02,contraindication_or_warning,warning,interacts_with,Atorvastatin,aprepitant use,Aprepitant
dropped,label_not_kept,atorvastatin.json,atorvastatin_mechanism_01,mechanism,mechanism,,Atorvastatin,competitive HMG-CoA reductase inhibition,
dropped,label_not_kept,atorvastatin.json,atorvastatin_mechanism_02,mechanism,mechanism,,Atorvastatin,decreases de novo cholesterol synthesis,
dropped,label_not_kept,atorvastatin.json,atorvastatin_mechanism_02,mechanism,mechanism,,Atorvastatin,increases LDL receptor expression on hepatocytes,
dropped,label_not_kept,atorvastatin.json,atorvastatin_mechanism_02,mechanism,mechanism,,Atorvastatin,increases LDL uptake by hepatocytes,
dropped,label_not_kept,atorvastatin.json,atorvastatin_mechanism_02,mechanism,mechanism,,Atorvastatin,decreases blood LDL-cholesterol,
dropped,label_not_kept,atorvastatin.json,atorvastatin_mechanism_03,mechanism,mechanism,,Atorvastatin,reduces blood triglycerides,
dropped,label_not_kept,atorvastatin.json,atorvastatin_mechanism_03,mechanism,mechanism,,Atorvastatin,increases HDL-cholesterol,
dropped,label_not_kept,hydrocortisone.json,hydrocortisone_lead_class_use_mechanism_01,drug_class,drug_class,,Hydrocortisone,corticosteroid,
dropped,label_not_kept,hydrocortisone.json,hydrocortisone_lead_class_use_mechanism_01,drug_class,drug_class,,Hydrocortisone,cortisol medication,
included,,hydrocortisone.json,hydrocortisone_lead_class_use_mechanism_01,medical_use,indication,treats_condition,Hydrocortisone,adrenocortical insufficiency,adrenocortical insufficiency
included,,hydrocortisone.json,hydrocortisone_lead_class_use_mechanism_01,medical_use,indication,treats_condition,Hydrocortisone,adrenogenital syndrome,adrenogenital syndrome
included,,hydrocortisone.json,hydrocortisone_lead_class_use_mechanism_01,medical_use,indication,treats_condition,Hydrocortisone,high blood calcium,high blood calcium
included,,hydrocortisone.json,hydrocortisone_lead_class_use_mechanism_01,medical_use,indication,treats_condition,Hydrocortisone,thyroiditis,thyroiditis
included,,hydrocortisone.json,hydrocortisone_lead_class_use_mechanism_01,medical_use,indication,treats_condition,Hydrocortisone,rheumatoid arthritis,rheumatoid arthritis
included,,hydrocortisone.json,hydrocortisone_lead_class_use_mechanism_01,medical_use,indication,treats_condition,Hydrocortisone,dermatitis,dermatitis
included,,hydrocortisone.json,hydrocortisone_lead_class_use_mechanism_01,medical_use,indication,treats_condition,Hydrocortisone,asthma,asthma
included,,hydrocortisone.json,hydrocortisone_lead_class_use_mechanism_01,medical_use,indication,treats_condition,Hydrocortisone,COPD,copd
dropped,label_not_kept,hydrocortisone.json,hydrocortisone_lead_class_use_mechanism_01,mechanism,mechanism,,Hydrocortisone,anti-inflammatory effect,
dropped,label_not_kept,hydrocortisone.json,hydrocortisone_lead_class_use_mechanism_01,mechanism,mechanism,,Hydrocortisone,immune suppression,
included,,hydrocortisone.json,hydrocortisone_lead_adverse_warning_01,adverse_effect,adverse_effect,causes_side_effect,Hydrocortisone,mood change,mood change
included,,hydrocortisone.json,hydrocortisone_lead_adverse_warning_01,adverse_effect,adverse_effect,causes_side_effect,Hydrocortisone,increased appetite,increased appetite
included,,hydrocortisone.json,hydrocortisone_lead_adverse_warning_01,adverse_effect,adverse_effect,causes_side_effect,Hydrocortisone,hyperglycemia,hyperglycemia
included,,hydrocortisone.json,hydrocortisone_lead_adverse_warning_01,adverse_effect,adverse_effect,causes_side_effect,Hydrocortisone,hypertension,hypertension
included,,hydrocortisone.json,hydrocortisone_lead_adverse_warning_01,adverse_effect,adverse_effect,causes_side_effect,Hydrocortisone,edema,edema
included,,hydrocortisone.json,hydrocortisone_lead_adverse_warning_01,adverse_effect,adverse_effect,causes_side_effect,Hydrocortisone,osteoporosis,osteoporosis
included,,hydrocortisone.json,hydrocortisone_lead_adverse_warning_01,adverse_effect,adverse_effect,causes_side_effect,Hydrocortisone,adrenal insufficiency,adrenal insufficiency
included,,hydrocortisone.json,hydrocortisone_lead_adverse_warning_01,adverse_effect,adverse_effect,causes_side_effect,Hydrocortisone,upset stomach,upset stomach
included,,hydrocortisone.json,hydrocortisone_lead_adverse_warning_01,adverse_effect,adverse_effect,causes_side_effect,Hydrocortisone,physical weakness,physical weakness
included,,hydrocortisone.json,hydrocortisone_lead_adverse_warning_01,adverse_effect,adverse_effect,causes_side_effect,Hydrocortisone,easy bruising,easy bruising
included,,hydrocortisone.json,hydrocortisone_lead_adverse_warning_01,adverse_effect,adverse_effect,causes_side_effect,Hydrocortisone,candidiasis,candidiasis
included,,hydrocortisone.json,hydrocortisone_lead_adverse_warning_01,contraindication_or_warning,warning,contraindicated_for,Hydrocortisone,pregnancy,pregnancy
dropped,label_not_kept,hydrocortisone.json,hydrocortisone_medical_uses_01,drug_class,drug_class,,Hydrocortisone,immunosuppressive drug,
included,,hydrocortisone.json,hydrocortisone_medical_uses_01,medical_use,indication,treats_condition,Hydrocortisone,severe allergic reaction,severe allergic reaction
included,,hydrocortisone.json,hydrocortisone_medical_uses_01,medical_use,indication,treats_condition,Hydrocortisone,anaphylaxis,anaphylaxis
included,,hydrocortisone.json,hydrocortisone_medical_uses_01,medical_use,indication,treats_condition,Hydrocortisone,angioedema,angioedema
included,,hydrocortisone.json,hydrocortisone_medical_uses_01,medical_use,indication,treats_condition,Hydrocortisone,adrenal crisis prevention,adrenal crisis prevention
included,,hydrocortisone.json,hydrocortisone_medical_uses_skin_01,medical_use,indication,treats_condition,Hydrocortisone,allergic rash,allergic rash
included,,hydrocortisone.json,hydrocortisone_medical_uses_skin_01,medical_use,indication,treats_condition,Hydrocortisone,eczema,eczema
included,,hydrocortisone.json,hydrocortisone_medical_uses_skin_01,medical_use,indication,treats_condition,Hydrocortisone,psoriasis,psoriasis
included,,hydrocortisone.json,hydrocortisone_medical_uses_skin_01,medical_use,indication,treats_condition,Hydrocortisone,itching,itching
included,,hydrocortisone.json,hydrocortisone_medical_uses_skin_01,medical_use,indication,treats_condition,Hydrocortisone,inflammatory skin condition,inflammatory skin condition
included,,hydrocortisone.json,hydrocortisone_medical_uses_rectal_01,medical_use,indication,treats_condition,Hydrocortisone,hemorrhoid swelling,hemorrhoid swelling
included,,hydrocortisone.json,hydrocortisone_medical_uses_rectal_01,medical_use,indication,treats_condition,Hydrocortisone,hemorrhoid itch,hemorrhoid itch
included,,hydrocortisone.json,hydrocortisone_medical_uses_rectal_01,medical_use,indication,treats_condition,Hydrocortisone,hemorrhoid irritation,hemorrhoid irritation
included,,hydrocortisone.json,hydrocortisone_side_effects_01,adverse_effect,adverse_effect,causes_side_effect,Hydrocortisone,salt and water retention,salt and water retention
included,,hydrocortisone.json,hydrocortisone_side_effects_01,adverse_effect,adverse_effect,causes_side_effect,Hydrocortisone,hypokalemia,hypokalemia
included,,hydrocortisone.json,hydrocortisone_side_effects_01,adverse_effect,adverse_effect,causes_side_effect,Hydrocortisone,adrenal suppression,adrenal suppression
included,,hydrocortisone.json,hydrocortisone_side_effects_01,adverse_effect,adverse_effect,causes_side_effect,Hydrocortisone,immunosuppression,immunosuppression
included,,hydrocortisone.json,hydrocortisone_side_effects_01,adverse_effect,adverse_effect,causes_side_effect,Hydrocortisone,increased infection risk,increased infection risk
included,,hydrocortisone.json,hydrocortisone_side_effects_01,adverse_effect,adverse_effect,causes_side_effect,Hydrocortisone,infectious reactivation,infectious reactivation
included,,hydrocortisone.json,hydrocortisone_side_effects_01,adverse_effect,adverse_effect,causes_side_effect,Hydrocortisone,Cushingoid symptom,cushingoid symptom
included,,hydrocortisone.json,hydrocortisone_side_effects_01,adverse_effect,adverse_effect,causes_side_effect,Hydrocortisone,neuropsychiatric symptom,neuropsychiatric symptom
included,,hydrocortisone.json,hydrocortisone_side_effects_01,adverse_effect,adverse_effect,causes_side_effect,Hydrocortisone,depression,depression
included,,hydrocortisone.json,hydrocortisone_sleep_01,adverse_effect,adverse_effect,causes_side_effect,Hydrocortisone,suppressed REM sleep,suppressed rem sleep
included,,hydrocortisone.json,hydrocortisone_sleep_01,adverse_effect,adverse_effect,causes_side_effect,Hydrocortisone,enhanced slow wave sleep,enhanced slow wave sleep
included,,hydrocortisone.json,hydrocortisone_sleep_01,adverse_effect,adverse_effect,causes_side_effect,Hydrocortisone,increased nighttime awakening,increased nighttime awakening
included,,hydrocortisone.json,hydrocortisone_sleep_01,adverse_effect,adverse_effect,causes_side_effect,Hydrocortisone,increased time awake,increased time awake
dropped,label_not_kept,hydrocortisone.json,hydrocortisone_pharmacodynamics_01,drug_class,drug_class,,Hydrocortisone,glucocorticoid,
dropped,label_not_kept,hydrocortisone.json,hydrocortisone_pharmacodynamics_01,drug_class,drug_class,,Hydrocortisone,mineralocorticoid,
dropped,label_not_kept,hydrocortisone.json,hydrocortisone_pharmacodynamics_01,mechanism,mechanism,,Hydrocortisone,glucocorticoid receptor agonism,
dropped,label_not_kept,hydrocortisone.json,hydrocortisone_pharmacodynamics_01,mechanism,mechanism,,Hydrocortisone,mineralocorticoid receptor agonism,
dropped,label_not_kept,insulin.json,insulin_medication_lead_use_01,drug_class,drug_class,,Insulin,protein hormone pharmaceutical preparation,
included,,insulin.json,insulin_medication_lead_use_01,medical_use,indication,treats_condition,Insulin,high blood glucose,high blood glucose
included,,insulin.json,insulin_medication_lead_use_01,medical_use,indication,treats_condition,Insulin,type 1 diabetes,type 1 diabetes
included,,insulin.json,insulin_medication_lead_use_01,medical_use,indication,treats_condition,Insulin,type 2 diabetes,type 2 diabetes
included,,insulin.json,insulin_medication_lead_use_01,medical_use,indication,treats_condition,Insulin,gestational diabetes,gestational diabetes
included,,insulin.json,insulin_medication_lead_use_01,medical_use,indication,treats_condition,Insulin,diabetic ketoacidosis,diabetic ketoacidosis
included,,insulin.json,insulin_medication_lead_use_01,medical_use,indication,treats_condition,Insulin,hyperosmolar hyperglycemic state,hyperosmolar hyperglycemic state
included,,insulin.json,insulin_medication_lead_use_01,medical_use,indication,treats_condition,Insulin,hyperkalemia,hyperkalemia
dropped,label_not_kept,insulin.json,insulin_medication_lead_class_01,drug_class,drug_class,,Insulin,insulin analogue,
included,,insulin.json,insulin_medication_medical_uses_01,medical_use,indication,treats_condition,Insulin,diabetes,diabetes
included,,insulin.json,insulin_medication_medical_uses_01,medical_use,indication,treats_condition,Insulin,diabetic ketoacidosis,diabetic ketoacidosis
included,,insulin.json,insulin_medication_medical_uses_01,medical_use,indication,treats_condition,Insulin,hyperosmolar hyperglycemic state,hyperosmolar hyperglycemic state
included,,insulin.json,insulin_medication_medical_uses_01,medical_use,indication,treats_condition,Insulin,high blood potassium,high blood potassium
included,,insulin.json,insulin_medication_side_effects_01,adverse_effect,adverse_effect,causes_side_effect,Insulin,hypoglycemia,hypoglycemia
included,,insulin.json,insulin_medication_side_effects_01,adverse_effect,adverse_effect,causes_side_effect,Insulin,hypokalemia,hypokalemia
included,,insulin.json,insulin_medication_side_effects_01,adverse_effect,adverse_effect,causes_side_effect,Insulin,allergic reaction,allergic reaction
included,,insulin.json,insulin_medication_side_effects_01,contraindication_or_warning,warning,contraindicated_for,Insulin,insulin allergy,insulin allergy
included,,insulin.json,insulin_medication_side_effects_01,contraindication_or_warning,warning,contraindicated_for,Insulin,zinc preservative allergy,zinc preservative allergy
included,,insulin.json,insulin_medication_side_effects_01,contraindication_or_warning,warning,contraindicated_for,Insulin,protamine preservative allergy,protamine preservative allergy
included,,insulin.json,insulin_medication_side_effects_01,contraindication_or_warning,warning,contraindicated_for,Insulin,meta-cresol preservative allergy,meta-cresol preservative allergy
included,,insulin.json,insulin_medication_side_effects_01,adverse_effect,adverse_effect,causes_side_effect,Insulin,type I hypersensitivity reaction,type i hypersensitivity reaction
included,,insulin.json,insulin_medication_side_effects_01,adverse_effect,adverse_effect,causes_side_effect,Insulin,anaphylaxis,anaphylaxis
included,,insulin.json,insulin_medication_side_effects_allergy_01,contraindication_or_warning,warning,contraindicated_for,Insulin,insulin hypersensitivity reaction,insulin hypersensitivity reaction
included,,insulin.json,insulin_medication_challenges_01,contraindication_or_warning,warning,contraindicated_for,Insulin,excess insulin,excess insulin
included,,insulin.json,insulin_medication_potential_complications_01,contraindication_or_warning,warning,contraindicated_for,Insulin,incorrect insulin timing,incorrect insulin timing
included,,insulin.json,insulin_medication_potential_complications_02,adverse_effect,adverse_effect,causes_side_effect,Insulin,hypoglycemia,hypoglycemia
included,,insulin.json,insulin_medication_abuse_01,contraindication_or_warning,warning,contraindicated_for,Insulin,exogenous insulin abuse,exogenous insulin abuse
included,,insulin.json,insulin_medication_abuse_01,adverse_effect,adverse_effect,causes_side_effect,Insulin,hypoglycemic coma,hypoglycemic coma
included,,insulin.json,insulin_medication_abuse_01,adverse_effect,adverse_effect,causes_side_effect,Insulin,death,death
included,,insulin.json,insulin_medication_abuse_01,adverse_effect,adverse_effect,causes_side_effect,Insulin,brain damage,brain damage
included,,insulin.json,insulin_medication_abuse_01,adverse_effect,adverse_effect,causes_side_effect,Insulin,paralysis,paralysis
included,,insulin.json,insulin_medication_abuse_01,adverse_effect,adverse_effect,causes_side_effect,Insulin,dizziness,dizziness
included,,insulin.json,insulin_medication_abuse_01,adverse_effect,adverse_effect,causes_side_effect,Insulin,weakness,weakness
included,,insulin.json,insulin_medication_abuse_01,adverse_effect,adverse_effect,causes_side_effect,Insulin,trembling,trembling
included,,insulin.json,insulin_medication_abuse_01,adverse_effect,adverse_effect,causes_side_effect,Insulin,palpitation,palpitation
included,,insulin.json,insulin_medication_abuse_01,adverse_effect,adverse_effect,causes_side_effect,Insulin,seizure,seizure
included,,insulin.json,insulin_medication_abuse_01,adverse_effect,adverse_effect,causes_side_effect,Insulin,confusion,confusion
included,,insulin.json,insulin_medication_abuse_01,adverse_effect,adverse_effect,causes_side_effect,Insulin,headache,headache
included,,insulin.json,insulin_medication_abuse_01,adverse_effect,adverse_effect,causes_side_effect,Insulin,drowsiness,drowsiness
included,,insulin.json,insulin_medication_abuse_01,adverse_effect,adverse_effect,causes_side_effect,Insulin,coma,coma
included,,insulin.json,insulin_medication_abuse_01,adverse_effect,adverse_effect,causes_side_effect,Insulin,diaphoresis,diaphoresis
included,,insulin.json,insulin_medication_abuse_01,adverse_effect,adverse_effect,causes_side_effect,Insulin,nausea,nausea
dropped,label_not_kept,insulin.json,insulin_medication_abuse_mechanism_01,mechanism,mechanism,,Insulin,increases protein synthesis,
dropped,label_not_kept,insulin.json,insulin_medication_abuse_mechanism_01,mechanism,mechanism,,Insulin,reduces protein catabolism,
dropped,label_not_kept,insulin.json,insulin_medication_abuse_mechanism_01,mechanism,mechanism,,Insulin,facilitates amino acid transfer into skeletal muscle,
dropped,label_not_kept,insulin.json,insulin_hormone_lead_mechanism_01,mechanism,mechanism,,Insulin,regulates carbohydrate metabolism,
dropped,label_not_kept,insulin.json,insulin_hormone_lead_mechanism_01,mechanism,mechanism,,Insulin,regulates fat metabolism,
dropped,label_not_kept,insulin.json,insulin_hormone_lead_mechanism_01,mechanism,mechanism,,Insulin,regulates protein metabolism,
dropped,label_not_kept,insulin.json,insulin_hormone_lead_mechanism_01,mechanism,mechanism,,Insulin,promotes glucose absorption into liver cells,
dropped,label_not_kept,insulin.json,insulin_hormone_lead_mechanism_01,mechanism,mechanism,,Insulin,promotes glucose absorption into fat cells,
dropped,label_not_kept,insulin.json,insulin_hormone_lead_mechanism_01,mechanism,mechanism,,Insulin,promotes glucose absorption into skeletal muscle cells,
dropped,label_not_kept,insulin.json,insulin_hormone_lead_mechanism_02,mechanism,mechanism,,Insulin,inhibits liver glucose production,
dropped,label_not_kept,insulin.json,insulin_hormone_lead_mechanism_02,mechanism,mechanism,,Insulin,inhibits liver glucose secretion,
dropped,label_not_kept,insulin.json,insulin_hormone_lead_mechanism_02,mechanism,mechanism,,Insulin,affects protein synthesis,
included,,metformin.json,metformin_lead_use_01,medical_use,indication,treats_condition,Metformin,type 2 diabetes,type 2 diabetes
included,,metformin.json,metformin_lead_use_01,medical_use,indication,treats_condition,Metformin,polycystic ovary syndrome,polycystic ovary syndrome
included,,metformin.json,metformin_lead_use_01,medical_use,indication,treats_condition,Metformin,metabolic syndrome risk reduction with antipsychotic medication,metabolic syndrome risk reduction with antipsychotic medication
included,,metformin.json,metformin_lead_adverse_01,adverse_effect,adverse_effect,causes_side_effect,Metformin,diarrhea,diarrhea
included,,metformin.json,metformin_lead_adverse_01,adverse_effect,adverse_effect,causes_side_effect,Metformin,nausea,nausea
included,,metformin.json,metformin_lead_adverse_01,adverse_effect,adverse_effect,causes_side_effect,Metformin,abdominal pain,abdominal pain
included,,metformin.json,metformin_lead_adverse_01,adverse_effect,adverse_effect,causes_side_effect,Metformin,low blood sugar,low blood sugar
included,,metformin.json,metformin_lead_adverse_01,contraindication_or_warning,warning,contraindicated_for,Metformin,severe kidney problem,severe kidney problem
dropped,label_not_kept,metformin.json,metformin_lead_class_mechanism_01,drug_class,drug_class,,Metformin,biguanide anti-hyperglycemic agent,
dropped,label_not_kept,metformin.json,metformin_lead_class_mechanism_01,mechanism,mechanism,,Metformin,decreases liver glucose production,
dropped,label_not_kept,metformin.json,metformin_lead_class_mechanism_01,mechanism,mechanism,,Metformin,increases insulin sensitivity,
dropped,label_not_kept,metformin.json,metformin_lead_class_mechanism_01,mechanism,mechanism,,Metformin,increases GDF15 secretion,
included,,metformin.json,metformin_medical_uses_01,medical_use,indication,treats_condition,Metformin,blood glucose lowering in type 2 diabetes,blood glucose lowering in type 2 diabetes
included,,metformin.json,metformin_medical_uses_01,medical_use,indication,treats_condition,Metformin,metabolic abnormality in polycystic ovary syndrome,metabolic abnormality in polycystic ovary syndrome
included,,metformin.json,metformin_medical_uses_01,medical_use,indication,treats_condition,Metformin,infertility in polycystic ovary syndrome,infertility in polycystic ovary syndrome
included,,metformin.json,metformin_type_2_diabetes_01,medical_use,indication,treats_condition,Metformin,type 2 diabetes,type 2 diabetes
included,,metformin.json,metformin_efficacy_01,medical_use,indication,treats_condition,Metformin,weight loss in obesity,weight loss in obesity
included,,metformin.json,metformin_efficacy_01,adverse_effect,adverse_effect,causes_side_effect,Metformin,hypoglycemia,hypoglycemia
included,,metformin.json,metformin_weight_change_01,medical_use,indication,treats_condition,Metformin,weight loss,weight loss
included,,metformin.json,metformin_weight_change_01,medical_use,indication,treats_condition,Metformin,antipsychotic-associated weight gain,antipsychotic-associated weight gain
included,,metformin.json,metformin_insulin_01,medical_use,indication,treats_condition,Metformin,reduced insulin requirement in type 1 diabetes,reduced insulin requirement in type 1 diabetes
included,,metformin.json,metformin_insulin_01,adverse_effect,adverse_effect,causes_side_effect,Metformin,hypoglycemia,hypoglycemia
included,,metformin.json,metformin_contraindications_01,contraindication_or_warning,warning,contraindicated_for,Metformin,severe renal impairment,severe renal impairment
included,,metformin.json,metformin_contraindications_01,contraindication_or_warning,warning,contraindicated_for,Metformin,metformin hypersensitivity,metformin hypersensitivity
included,,metformin.json,metformin_contraindications_01,contraindication_or_warning,warning,contraindicated_for,Metformin,acute metabolic acidosis,acute metabolic acidosis
included,,metformin.json,metformin_contraindications_01,contraindication_or_warning,warning,contraindicated_for,Metformin,chronic metabolic acidosis,chronic metabolic acidosis
included,,metformin.json,metformin_contraindications_01,contraindication_or_warning,warning,contraindicated_for,Metformin,diabetic ketoacidosis,diabetic ketoacidosis
included,,metformin.json,metformin_contraindications_01,contraindication_or_warning,warning,contraindicated_for,Metformin,coma,coma
included,,metformin.json,metformin_adverse_effects_01,adverse_effect,adverse_effect,causes_side_effect,Metformin,gastrointestinal irritation,gastrointestinal irritation
included,,metformin.json,metformin_adverse_effects_01,adverse_effect,adverse_effect,causes_side_effect,Metformin,cramp,cramp
included,,metformin.json,metformin_adverse_effects_01,adverse_effect,adverse_effect,causes_side_effect,Metformin,vomiting,vomiting
included,,metformin.json,metformin_adverse_effects_01,adverse_effect,adverse_effect,causes_side_effect,Metformin,flatulence,flatulence
included,,metformin.json,metformin_adverse_effects_01,adverse_effect,adverse_effect,causes_side_effect,Metformin,lactic acidosis,lactic acidosis
included,,metformin.json,metformin_adverse_effects_01,contraindication_or_warning,warning,contraindicated_for,Metformin,impaired liver function,impaired liver function
included,,metformin.json,metformin_adverse_effects_01,contraindication_or_warning,warning,contraindicated_for,Metformin,impaired kidney function,impaired kidney function
included,,metformin.json,metformin_gastrointestinal_01,adverse_effect,adverse_effect,causes_side_effect,Metformin,gastrointestinal upset,gastrointestinal upset
included,,metformin.json,metformin_vitamin_b12_01,adverse_effect,adverse_effect,causes_side_effect,Metformin,reduced vitamin B12,reduced vitamin b12
included,,metformin.json,metformin_vitamin_b12_01,adverse_effect,adverse_effect,causes_side_effect,Metformin,vitamin B12 deficiency,vitamin b12 deficiency
included,,metformin.json,metformin_vitamin_b12_01,adverse_effect,adverse_effect,causes_side_effect,Metformin,neurological problem,neurological problem
included,,metformin.json,metformin_vitamin_b12_01,adverse_effect,adverse_effect,causes_side_effect,Metformin,anemia,anemia
included,,metformin.json,metformin_lactic_acidosis_01,contraindication_or_warning,warning,contraindicated_for,Metformin,severely impaired kidney function,severely impaired kidney function
included,,metformin.json,metformin_lactic_acidosis_01,contraindication_or_warning,warning,contraindicated_for,Metformin,condition precipitating lactic acidosis,condition precipitating lactic acidosis
dropped,label_not_kept,metformin.json,metformin_lactic_acidosis_01,mechanism,mechanism,,Metformin,decreases liver uptake of lactate,
included,,metformin.json,metformin_lactic_acidosis_02,contraindication_or_warning,warning,contraindicated_for,Metformin,alcoholism,alcoholism
included,,metformin.json,metformin_lactic_acidosis_02,contraindication_or_warning,warning,contraindicated_for,Metformin,heart failure,heart failure
included,,metformin.json,metformin_lactic_acidosis_02,contraindication_or_warning,warning,contraindicated_for,Metformin,respiratory disease,respiratory disease
included,,metformin.json,metformin_lactic_acidosis_02,contraindication_or_warning,warning,contraindicated_for,Metformin,kidney disease,kidney disease
included,,metformin.json,metformin_interactions_01,contraindication_or_warning,warning,interacts_with,Metformin,anticholinergic medication use,anticholinergic medications
dropped,label_not_kept,metformin.json,metformin_interactions_01,mechanism,mechanism,,Metformin,anticholinergic drugs reduce gastric motility,
dropped,label_not_kept,metformin.json,metformin_interactions_01,mechanism,mechanism,,Metformin,increases metformin absorption,
dropped,label_not_kept,metformin.json,metformin_mechanism_01,mechanism,mechanism,,Metformin,inhibits mitochondrial respiratory chain complex I,
dropped,label_not_kept,metformin.json,metformin_mechanism_01,mechanism,mechanism,,Metformin,activates AMP-activated protein kinase,
dropped,label_not_kept,metformin.json,metformin_mechanism_01,mechanism,mechanism,,Metformin,inhibits glucagon-induced cyclic AMP elevation,
dropped,label_not_kept,metformin.json,metformin_mechanism_01,mechanism,mechanism,,Metformin,reduces protein kinase A activation,
dropped,label_not_kept,metformin.json,metformin_mechanism_01,mechanism,mechanism,,Metformin,inhibits mitochondrial glycerol-3-phosphate dehydrogenase,
dropped,label_not_kept,metformin.json,metformin_mechanism_01,mechanism,mechanism,,Metformin,affects gut microbiota,
dropped,label_not_kept,metformin.json,metformin_mechanism_02,mechanism,mechanism,,Metformin,decreases caloric intake,
dropped,label_not_kept,metformin.json,metformin_mechanism_02,mechanism,mechanism,,Metformin,decreases liver gluconeogenesis,
dropped,label_not_kept,metformin.json,metformin_mechanism_03,mechanism,mechanism,,Metformin,inhibits cyclic AMP production,
dropped,label_not_kept,metformin.json,metformin_mechanism_03,mechanism,mechanism,,Metformin,blocks glucagon action,
dropped,label_not_kept,metformin.json,metformin_mechanism_03,mechanism,mechanism,,Metformin,reduces fasting glucose,
dropped,label_not_kept,metformin.json,metformin_mechanism_04,mechanism,mechanism,,Metformin,indirect antiandrogenic effect,
dropped,label_not_kept,metformin.json,metformin_mechanism_04,mechanism,mechanism,,Metformin,improves insulin sensitivity,
dropped,label_not_kept,morphin.json,morphine_lead_class_use_mechanism_01,drug_class,drug_class,,Morphine,opiate,
dropped,label_not_kept,morphin.json,morphine_lead_class_use_mechanism_01,drug_class,drug_class,,Morphine,analgesic,
included,,morphin.json,morphine_lead_class_use_mechanism_01,medical_use,indication,treats_condition,Morphine,pain,pain
dropped,label_not_kept,morphin.json,morphine_lead_mechanism_01,mechanism,mechanism,,Morphine,acts directly on central nervous system,
dropped,label_not_kept,morphin.json,morphine_lead_mechanism_01,mechanism,mechanism,,Morphine,induces analgesia,
dropped,label_not_kept,morphin.json,morphine_lead_mechanism_01,mechanism,mechanism,,Morphine,alters pain perception,
dropped,label_not_kept,morphin.json,morphine_lead_mechanism_01,mechanism,mechanism,,Morphine,alters emotional response to pain,
included,,morphin.json,morphine_lead_use_01,medical_use,indication,treats_condition,Morphine,acute pain,acute pain
included,,morphin.json,morphine_lead_use_01,medical_use,indication,treats_condition,Morphine,chronic pain,chronic pain
included,,morphin.json,morphine_lead_use_01,medical_use,indication,treats_condition,Morphine,myocardial infarction pain,myocardial infarction pain
included,,morphin.json,morphine_lead_use_01,medical_use,indication,treats_condition,Morphine,kidney stone pain,kidney stone pain
included,,morphin.json,morphine_lead_use_01,medical_use,indication,treats_condition,Morphine,labor pain,labor pain
included,,morphin.json,morphine_lead_adverse_warning_01,adverse_effect,adverse_effect,causes_side_effect,Morphine,drowsiness,drowsiness
included,,morphin.json,morphine_lead_adverse_warning_01,adverse_effect,adverse_effect,causes_side_effect,Morphine,euphoria,euphoria
included,,morphin.json,morphine_lead_adverse_warning_01,adverse_effect,adverse_effect,causes_side_effect,Morphine,nausea,nausea
included,,morphin.json,morphine_lead_adverse_warning_01,adverse_effect,adverse_effect,causes_side_effect,Morphine,dizziness,dizziness
included,,morphin.json,morphine_lead_adverse_warning_01,adverse_effect,adverse_effect,causes_side_effect,Morphine,sweating,sweating
included,,morphin.json,morphine_lead_adverse_warning_01,adverse_effect,adverse_effect,causes_side_effect,Morphine,constipation,constipation
included,,morphin.json,morphine_lead_adverse_warning_01,adverse_effect,adverse_effect,causes_side_effect,Morphine,decreased respiratory effort,decreased respiratory effort
included,,morphin.json,morphine_lead_adverse_warning_01,adverse_effect,adverse_effect,causes_side_effect,Morphine,vomiting,vomiting
included,,morphin.json,morphine_lead_adverse_warning_01,adverse_effect,adverse_effect,causes_side_effect,Morphine,low blood pressure,low blood pressure
included,,morphin.json,morphine_lead_adverse_warning_01,contraindication_or_warning,warning,contraindicated_for,Morphine,addiction risk,addiction risk
included,,morphin.json,morphine_lead_adverse_warning_01,contraindication_or_warning,warning,contraindicated_for,Morphine,abuse risk,abuse risk
included,,morphin.json,morphine_lead_pregnancy_warning_01,contraindication_or_warning,warning,contraindicated_for,Morphine,pregnancy,pregnancy
included,,morphin.json,morphine_lead_pregnancy_warning_01,contraindication_or_warning,warning,contraindicated_for,Morphine,breastfeeding,breastfeeding
included,,morphin.json,morphine_medical_uses_pain_01,medical_use,indication,treats_condition,Morphine,severe acute pain,severe acute pain
included,,morphin.json,morphine_medical_uses_pain_01,medical_use,indication,treats_condition,Morphine,severe chronic pain,severe chronic pain
included,,morphin.json,morphine_medical_uses_pain_02,medical_use,indication,treats_condition,Morphine,myocardial infarction pain,myocardial infarction pain
included,,morphin.json,morphine_medical_uses_pain_02,medical_use,indication,treats_condition,Morphine,labor pain,labor pain
included,,morphin.json,morphine_medical_uses_pain_03,medical_use,indication,treats_condition,Morphine,acute pulmonary edema,acute pulmonary edema
included,,morphin.json,morphine_medical_uses_pain_04,medical_use,indication,treats_condition,Morphine,cancer pain,cancer pain
included,,morphin.json,morphine_medical_uses_breathlessness_01,medical_use,indication,treats_condition,Morphine,shortness of breath,shortness of breath
included,,morphin.json,morphine_medical_uses_opioid_use_disorder_01,medical_use,indication,treats_condition,Morphine,opiate substitution therapy,opiate substitution therapy
included,,morphin.json,morphine_medical_uses_opioid_use_disorder_01,medical_use,indication,treats_condition,Morphine,opioid addiction,opioid addiction
included,,morphin.json,morphine_contraindications_01,contraindication_or_warning,warning,contraindicated_for,Morphine,respiratory depression without appropriate equipment,respiratory depression without appropriate equipment
included,,morphin.json,morphine_adverse_effects_01,adverse_effect,adverse_effect,causes_side_effect,Morphine,itchiness,itchiness
included,,morphin.json,morphine_adverse_effects_01,adverse_effect,adverse_effect,causes_side_effect,Morphine,nausea,nausea
included,,morphin.json,morphine_adverse_effects_01,adverse_effect,adverse_effect,causes_side_effect,Morphine,vomiting,vomiting
included,,morphin.json,morphine_adverse_effects_01,adverse_effect,adverse_effect,causes_side_effect,Morphine,constipation,constipation
included,,morphin.json,morphine_adverse_effects_01,adverse_effect,adverse_effect,causes_side_effect,Morphine,drowsiness,drowsiness
included,,morphin.json,morphine_adverse_effects_01,adverse_effect,adverse_effect,causes_side_effect,Morphine,dry mouth,dry mouth
included,,morphin.json,morphine_adverse_effects_01,adverse_effect,adverse_effect,causes_side_effect,Morphine,respiratory depression,respiratory depression
included,,morphin.json,morphine_adverse_effects_02,adverse_effect,adverse_effect,causes_side_effect,Morphine,opioid dependence,opioid dependence
included,,morphin.json,morphine_adverse_effects_02,adverse_effect,adverse_effect,causes_side_effect,Morphine,decreased sex drive,decreased sex drive
included,,morphin.json,morphine_adverse_effects_02,adverse_effect,adverse_effect,causes_side_effect,Morphine,loss of appetite,loss of appetite
included,,morphin.json,morphine_adverse_effects_02,adverse_effect,adverse_effect,causes_side_effect,Morphine,impaired sexual function,impaired sexual function
included,,morphin.json,morphine_adverse_effects_02,adverse_effect,adverse_effect,causes_side_effect,Morphine,decreased testosterone,decreased testosterone
included,,morphin.json,morphine_adverse_effects_02,adverse_effect,adverse_effect,causes_side_effect,Morphine,depression,depression
included,,morphin.json,morphine_adverse_effects_02,adverse_effect,adverse_effect,causes_side_effect,Morphine,immunodeficiency,immunodeficiency
included,,morphin.json,morphine_adverse_effects_02,adverse_effect,adverse_effect,causes_side_effect,Morphine,opioid-induced abnormal pain sensitivity,opioid-induced abnormal pain sensitivity
included,,morphin.json,morphine_adverse_effects_02,adverse_effect,adverse_effect,causes_side_effect,Morphine,irregular menstruation,irregular menstruation
included,,morphin.json,morphine_adverse_effects_02,adverse_effect,adverse_effect,causes_side_effect,Morphine,increased fall risk,increased fall risk
included,,morphin.json,morphine_adverse_effects_02,adverse_effect,adverse_effect,causes_side_effect,Morphine,slowed breathing,slowed breathing
included,,morphin.json,morphine_adverse_effects_02,adverse_effect,adverse_effect,causes_side_effect,Morphine,hallucination,hallucination
dropped,label_not_kept,morphin.json,morphine_constipation_01,mechanism,mechanism,,Morphine,acts on myenteric plexus,
dropped,label_not_kept,morphin.json,morphine_constipation_01,mechanism,mechanism,,Morphine,reduces gut motility,
included,,morphin.json,morphine_constipation_01,adverse_effect,adverse_effect,causes_side_effect,Morphine,constipation,constipation
dropped,label_not_kept,morphin.json,morphine_constipation_mechanism_01,mechanism,mechanism,,Morphine,gastrointestinal effects mediated by bowel μ-opioid receptors,
dropped,label_not_kept,morphin.json,morphine_constipation_mechanism_01,mechanism,mechanism,,Morphine,inhibits gastric emptying,
dropped,label_not_kept,morphin.json,morphine_constipation_mechanism_01,mechanism,mechanism,,Morphine,reduces intestinal peristalsis,
dropped,label_not_kept,morphin.json,morphine_constipation_mechanism_01,mechanism,mechanism,,Morphine,decreases intestinal transit,
included,,morphin.json,morphine_hormone_imbalance_01,adverse_effect,adverse_effect,causes_side_effect,Morphine,hypogonadism,hypogonadism
included,,morphin.json,morphine_hormone_imbalance_01,adverse_effect,adverse_effect,causes_side_effect,Morphine,hormone imbalance,hormone imbalance
included,,morphin.json,morphine_hormone_imbalance_01,adverse_effect,adverse_effect,causes_side_effect,Morphine,menstruation interference,menstruation interference
dropped,label_not_kept,morphin.json,morphine_hormone_imbalance_01,mechanism,mechanism,,Morphine,suppresses luteinizing hormone,
included,,morphin.json,morphine_hormone_imbalance_02,adverse_effect,adverse_effect,causes_side_effect,Morphine,osteoporosis,osteoporosis
included,,morphin.json,morphine_hormone_imbalance_02,adverse_effect,adverse_effect,causes_side_effect,Morphine,bone fracture,bone fracture
included,,morphin.json,morphine_performance_01,adverse_effect,adverse_effect,causes_side_effect,Morphine,impaired critical flicker frequency performance,impaired critical flicker frequency performance
included,,morphin.json,morphine_performance_01,adverse_effect,adverse_effect,causes_side_effect,Morphine,impaired Maddox wing test performance,impaired maddox wing test performance
included,,morphin.json,morphine_performance_02,adverse_effect,adverse_effect,causes_side_effect,Morphine,impaired anterograde memory,impaired anterograde memory
included,,morphin.json,morphine_performance_02,adverse_effect,adverse_effect,causes_side_effect,Morphine,impaired retrograde memory,impaired retrograde memory
included,,morphin.json,morphine_addiction_01,contraindication_or_warning,warning,contraindicated_for,Morphine,addiction risk,addiction risk
included,,morphin.json,morphine_toxicity_01,adverse_effect,adverse_effect,causes_side_effect,Morphine,asphyxia,asphyxia
included,,morphin.json,morphine_toxicity_01,adverse_effect,adverse_effect,causes_side_effect,Morphine,death by respiratory depression,death by respiratory depression
dropped,label_not_kept,morphin.json,morphine_pharmacodynamics_01,drug_class,drug_class,,Morphine,phenanthrene opioid receptor agonist,
dropped,label_not_kept,morphin.json,morphine_pharmacodynamics_01,mechanism,mechanism,,Morphine,binds μ-opioid receptor,
dropped,label_not_kept,morphin.json,morphine_pharmacodynamics_01,mechanism,mechanism,,Morphine,activates μ-opioid receptor,
dropped,label_not_kept,morphin.json,morphine_pharmacodynamics_02,mechanism,mechanism,,Morphine,acts on central nervous system,
dropped,label_not_kept,morphin.json,morphine_pharmacodynamics_02,mechanism,mechanism,,Morphine,acts on gastrointestinal tract,
dropped,label_not_kept,morphin.json,morphine_pharmacodynamics_02,mechanism,mechanism,,Morphine,produces analgesia,
dropped,label_not_kept,morphin.json,morphine_pharmacodynamics_02,mechanism,mechanism,,Morphine,produces sedation,
dropped,label_not_kept,morphin.json,morphine_pharmacodynamics_03,mechanism,mechanism,,Morphine,μ-opioid receptor activation,
dropped,label_not_kept,morphin.json,morphine_pharmacodynamics_03,mechanism,mechanism,,Morphine,κ-opioid receptor agonism,
dropped,label_not_kept,morphin.json,morphine_pharmacodynamics_03,mechanism,mechanism,,Morphine,δ-opioid receptor agonism,
dropped,label_not_kept,paracetamol.json,paracetamol_lead_class_use_01,drug_class,drug_class,,Paracetamol,analgesic,
dropped,label_not_kept,paracetamol.json,paracetamol_lead_class_use_01,drug_class,drug_class,,Paracetamol,antipyretic,
included,,paracetamol.json,paracetamol_lead_class_use_01,medical_use,indication,treats_condition,Paracetamol,fever,fever
included,,paracetamol.json,paracetamol_lead_class_use_01,medical_use,indication,treats_condition,Paracetamol,mild to moderate pain,mild to moderate pain
included,,paracetamol.json,paracetamol_lead_pain_01,medical_use,indication,treats_condition,Paracetamol,acute mild migraine,acute mild migraine
included,,paracetamol.json,paracetamol_lead_pain_01,medical_use,indication,treats_condition,Paracetamol,episodic tension headache,episodic tension headache
included,,paracetamol.json,paracetamol_lead_adverse_01,adverse_effect,adverse_effect,causes_side_effect,Paracetamol,gastrointestinal bleeding,gastrointestinal bleeding
included,,paracetamol.json,paracetamol_lead_adverse_01,adverse_effect,adverse_effect,causes_side_effect,Paracetamol,abnormal liver function test,abnormal liver function test
included,,paracetamol.json,paracetamol_lead_toxicity_01,adverse_effect,adverse_effect,causes_side_effect,Paracetamol,liver failure,liver failure
included,,paracetamol.json,paracetamol_medical_uses_fever_01,medical_use,indication,treats_condition,Paracetamol,fever reduction,fever reduction
included,,paracetamol.json,paracetamol_medical_uses_pain_01,medical_use,indication,treats_condition,Paracetamol,headache,headache
included,,paracetamol.json,paracetamol_medical_uses_pain_01,medical_use,indication,treats_condition,Paracetamol,muscle ache,muscle ache
included,,paracetamol.json,paracetamol_medical_uses_pain_01,medical_use,indication,treats_condition,Paracetamol,minor arthritis pain,minor arthritis pain
included,,paracetamol.json,paracetamol_medical_uses_pain_01,medical_use,indication,treats_condition,Paracetamol,toothache,toothache
included,,paracetamol.json,paracetamol_medical_uses_pain_01,medical_use,indication,treats_condition,Paracetamol,cold pain,cold pain
included,,paracetamol.json,paracetamol_medical_uses_pain_01,medical_use,indication,treats_condition,Paracetamol,flu pain,flu pain
included,,paracetamol.json,paracetamol_medical_uses_pain_01,medical_use,indication,treats_condition,Paracetamol,sprain pain,sprain pain
included,,paracetamol.json,paracetamol_medical_uses_pain_01,medical_use,indication,treats_condition,Paracetamol,dysmenorrhea,dysmenorrhea
included,,paracetamol.json,paracetamol_medical_uses_pda_01,medical_use,indication,treats_condition,Paracetamol,patent ductus arteriosus closure,patent ductus arteriosus closure
included,,paracetamol.json,paracetamol_pregnancy_01,medical_use,indication,treats_condition,Paracetamol,short-term fever in pregnancy,short-term fever in pregnancy
included,,paracetamol.json,paracetamol_pregnancy_01,medical_use,indication,treats_condition,Paracetamol,significant pain in pregnancy,significant pain in pregnancy
included,,paracetamol.json,paracetamol_breastfeeding_warning_01,contraindication_or_warning,warning,contraindicated_for,Paracetamol,preterm infant,preterm infant
included,,paracetamol.json,paracetamol_breastfeeding_warning_01,contraindication_or_warning,warning,contraindicated_for,Paracetamol,infant liver disease,infant liver disease
included,,paracetamol.json,paracetamol_adverse_effects_01,adverse_effect,adverse_effect,causes_side_effect,Paracetamol,nausea,nausea
included,,paracetamol.json,paracetamol_adverse_effects_01,adverse_effect,adverse_effect,causes_side_effect,Paracetamol,abdominal pain,abdominal pain
included,,paracetamol.json,paracetamol_adverse_effects_01,adverse_effect,adverse_effect,causes_side_effect,Paracetamol,increased risk-taking behavior,increased risk-taking behavior
included,,paracetamol.json,paracetamol_adverse_effects_skin_01,adverse_effect,adverse_effect,causes_side_effect,Paracetamol,Stevens-Johnson syndrome,stevens-johnson syndrome
included,,paracetamol.json,paracetamol_adverse_effects_skin_01,adverse_effect,adverse_effect,causes_side_effect,Paracetamol,toxic epidermal necrolysis,toxic epidermal necrolysis
included,,paracetamol.json,paracetamol_adverse_effects_long_term_01,adverse_effect,adverse_effect,causes_side_effect,Paracetamol,kidney damage,kidney damage
included,,paracetamol.json,paracetamol_adverse_effects_long_term_01,adverse_effect,adverse_effect,causes_side_effect,Paracetamol,liver damage,liver damage
included,,paracetamol.json,paracetamol_adverse_effects_long_term_01,contraindication_or_warning,warning,contraindicated_for,Paracetamol,chronic alcoholism,chronic alcoholism
included,,paracetamol.json,paracetamol_adverse_effects_long_term_01,contraindication_or_warning,warning,contraindicated_for,Paracetamol,liver damage,liver damage
included,,paracetamol.json,paracetamol_overdose_01,adverse_effect,adverse_effect,causes_side_effect,Paracetamol,nausea,nausea
included,,paracetamol.json,paracetamol_overdose_01,adverse_effect,adverse_effect,causes_side_effect,Paracetamol,vomiting,vomiting
included,,paracetamol.json,paracetamol_overdose_01,adverse_effect,adverse_effect,causes_side_effect,Paracetamol,sweating,sweating
included,,paracetamol.json,paracetamol_overdose_01,adverse_effect,adverse_effect,causes_side_effect,Paracetamol,pain,pain
included,,paracetamol.json,paracetamol_overdose_01,adverse_effect,adverse_effect,causes_side_effect,Paracetamol,acute liver failure,acute liver failure
dropped,label_not_kept,paracetamol.json,paracetamol_overdose_02,mechanism,mechanism,,Paracetamol,toxicity due to NAPQI,
included,,paracetamol.json,paracetamol_overdose_02,adverse_effect,adverse_effect,causes_side_effect,Paracetamol,kidney failure,kidney failure
included,,paracetamol.json,paracetamol_interactions_warfarin_01,contraindication_or_warning,warning,interacts_with,Paracetamol,warfarin therapy,Warfarin
dropped,label_not_kept,paracetamol.json,paracetamol_interactions_warfarin_01,mechanism,mechanism,,Paracetamol,increases INR during warfarin therapy,
dropped,label_not_kept,paracetamol.json,paracetamol_pharmacodynamics_01,mechanism,mechanism,,Paracetamol,inhibits cyclooxygenase,
dropped,label_not_kept,paracetamol.json,paracetamol_pharmacodynamics_01,mechanism,mechanism,,Paracetamol,acts through AM404 metabolite,
dropped,label_not_kept,paracetamol.json,paracetamol_pharmacodynamics_02,mechanism,mechanism,,Paracetamol,inhibits prostaglandin synthesis,
dropped,label_not_kept,paracetamol.json,paracetamol_pharmacodynamics_02,mechanism,mechanism,,Paracetamol,reduces active COX-1,
dropped,label_not_kept,paracetamol.json,paracetamol_pharmacodynamics_02,mechanism,mechanism,,Paracetamol,reduces active COX-2,
dropped,label_not_kept,warfarin.json,warfarin_lead_use_01,drug_class,drug_class,,Warfarin,anticoagulant medication,
included,,warfarin.json,warfarin_lead_use_01,medical_use,indication,treats_condition,Warfarin,deep vein thrombosis prevention,deep vein thrombosis prevention
included,,warfarin.json,warfarin_lead_use_01,medical_use,indication,treats_condition,Warfarin,pulmonary embolism prevention,pulmonary embolism prevention
included,,warfarin.json,warfarin_lead_use_01,medical_use,indication,treats_condition,Warfarin,stroke prevention in atrial fibrillation,stroke prevention in atrial fibrillation
included,,warfarin.json,warfarin_lead_use_01,medical_use,indication,treats_condition,Warfarin,stroke prevention in valvular heart disease,stroke prevention in valvular heart disease
included,,warfarin.json,warfarin_lead_use_01,medical_use,indication,treats_condition,Warfarin,stroke prevention with artificial heart valve,stroke prevention with artificial heart valve
included,,warfarin.json,warfarin_lead_adverse_warning_01,adverse_effect,adverse_effect,causes_side_effect,Warfarin,bleeding,bleeding
included,,warfarin.json,warfarin_lead_adverse_warning_01,adverse_effect,adverse_effect,causes_side_effect,Warfarin,tissue damage,tissue damage
included,,warfarin.json,warfarin_lead_adverse_warning_01,adverse_effect,adverse_effect,causes_side_effect,Warfarin,purple toe syndrome,purple toe syndrome
included,,warfarin.json,warfarin_lead_adverse_warning_01,contraindication_or_warning,warning,contraindicated_for,Warfarin,pregnancy,pregnancy
dropped,label_not_kept,warfarin.json,warfarin_lead_mechanism_01,mechanism,mechanism,,Warfarin,decreases blood clotting,
dropped,label_not_kept,warfarin.json,warfarin_lead_mechanism_01,mechanism,mechanism,,Warfarin,blocks vitamin K epoxide reductase,
dropped,label_not_kept,warfarin.json,warfarin_lead_mechanism_01,mechanism,mechanism,,Warfarin,reduces clotting factor concentration,
included,,warfarin.json,warfarin_medical_uses_01,medical_use,indication,treats_condition,Warfarin,venous thrombosis prevention,venous thrombosis prevention
included,,warfarin.json,warfarin_medical_uses_01,medical_use,indication,treats_condition,Warfarin,venous thrombosis treatment,venous thrombosis treatment
included,,warfarin.json,warfarin_medical_uses_01,medical_use,indication,treats_condition,Warfarin,pulmonary embolism treatment,pulmonary embolism treatment
included,,warfarin.json,warfarin_medical_uses_01,medical_use,indication,treats_condition,Warfarin,thromboembolic complication prevention in atrial fibrillation,thromboembolic complication prevention in atrial fibrillation
included,,warfarin.json,warfarin_medical_uses_01,medical_use,indication,treats_condition,Warfarin,thromboembolic complication treatment in atrial fibrillation,thromboembolic complication treatment in atrial fibrillation
included,,warfarin.json,warfarin_medical_uses_01,medical_use,indication,treats_condition,Warfarin,thromboembolic complication prevention after cardiac valve replacement,thromboembolic complication prevention after cardiac valve replacement
included,,warfarin.json,warfarin_medical_uses_01,medical_use,indication,treats_condition,Warfarin,thromboembolic complication treatment after cardiac valve replacement,thromboembolic complication treatment after cardiac valve replacement
included,,warfarin.json,warfarin_medical_uses_01,medical_use,indication,treats_condition,Warfarin,recurrent myocardial infarction risk reduction,recurrent myocardial infarction risk reduction
included,,warfarin.json,warfarin_medical_uses_01,medical_use,indication,treats_condition,Warfarin,stroke prevention after myocardial infarction,stroke prevention after myocardial infarction
included,,warfarin.json,warfarin_medical_uses_01,medical_use,indication,treats_condition,Warfarin,systemic embolization prevention after myocardial infarction,systemic embolization prevention after myocardial infarction
included,,warfarin.json,warfarin_medical_uses_02,medical_use,indication,treats_condition,Warfarin,atrial fibrillation,atrial fibrillation
included,,warfarin.json,warfarin_medical_uses_02,medical_use,indication,treats_condition,Warfarin,artificial heart valve,artificial heart valve
included,,warfarin.json,warfarin_medical_uses_02,medical_use,indication,treats_condition,Warfarin,deep venous thrombosis,deep venous thrombosis
included,,warfarin.json,warfarin_medical_uses_02,medical_use,indication,treats_condition,Warfarin,pulmonary embolism,pulmonary embolism
included,,warfarin.json,warfarin_medical_uses_03,medical_use,indication,treats_condition,Warfarin,antiphospholipid syndrome,antiphospholipid syndrome
included,,warfarin.json,warfarin_medical_uses_03,medical_use,indication,treats_condition,Warfarin,myocardial infarction,myocardial infarction
included,,warfarin.json,warfarin_contraindications_01,contraindication_or_warning,warning,contraindicated_for,Warfarin,active bleeding condition,active bleeding condition
included,,warfarin.json,warfarin_contraindications_01,contraindication_or_warning,warning,contraindicated_for,Warfarin,gastrointestinal ulcer,gastrointestinal ulcer
included,,warfarin.json,warfarin_contraindications_01,contraindication_or_warning,warning,contraindicated_for,Warfarin,low platelet,low platelet
included,,warfarin.json,warfarin_contraindications_01,contraindication_or_warning,warning,contraindicated_for,Warfarin,severe liver disease,severe liver disease
included,,warfarin.json,warfarin_contraindications_01,contraindication_or_warning,warning,contraindicated_for,Warfarin,uncontrolled hypertension,uncontrolled hypertension
included,,warfarin.json,warfarin_contraindications_01,contraindication_or_warning,warning,contraindicated_for,Warfarin,surgery,surgery
included,,warfarin.json,warfarin_contraindications_02,contraindication_or_warning,warning,contraindicated_for,Warfarin,heparin-induced thrombocytopenia,heparin-induced thrombocytopenia
included,,warfarin.json,warfarin_contraindications_02,contraindication_or_warning,warning,contraindicated_for,Warfarin,protein C deficiency,protein c deficiency
included,,warfarin.json,warfarin_contraindications_02,contraindication_or_warning,warning,contraindicated_for,Warfarin,protein S deficiency,protein s deficiency
included,,warfarin.json,warfarin_contraindications_02,adverse_effect,adverse_effect,causes_side_effect,Warfarin,skin necrosis,skin necrosis
included,,warfarin.json,warfarin_pregnancy_01,contraindication_or_warning,warning,contraindicated_for,Warfarin,pregnancy,pregnancy
included,,warfarin.json,warfarin_pregnancy_01,adverse_effect,adverse_effect,causes_side_effect,Warfarin,fetal bleeding,fetal bleeding
included,,warfarin.json,warfarin_pregnancy_01,adverse_effect,adverse_effect,causes_side_effect,Warfarin,spontaneous abortion,spontaneous abortion
included,,warfarin.json,warfarin_pregnancy_01,adverse_effect,adverse_effect,causes_side_effect,Warfarin,stillbirth,stillbirth
included,,warfarin.json,warfarin_pregnancy_01,adverse_effect,adverse_effect,causes_side_effect,Warfarin,neonatal death,neonatal death
included,,warfarin.json,warfarin_pregnancy_01,adverse_effect,adverse_effect,causes_side_effect,Warfarin,preterm birth,preterm birth
included,,warfarin.json,warfarin_necrosis_01,adverse_effect,adverse_effect,causes_side_effect,Warfarin,warfarin necrosis,warfarin necrosis
included,,warfarin.json,warfarin_purple_toe_01,adverse_effect,adverse_effect,causes_side_effect,Warfarin,purple toe syndrome,purple toe syndrome
dropped,label_not_kept,warfarin.json,warfarin_purple_toe_01,mechanism,mechanism,,Warfarin,cholesterol embolism in skin blood vessel,
included,,warfarin.json,warfarin_purple_toe_01,adverse_effect,adverse_effect,causes_side_effect,Warfarin,painful blueish-purple foot discoloration,painful blueish-purple foot discoloration
included,,warfarin.json,warfarin_interactions_01,contraindication_or_warning,warning,interacts_with,Warfarin,nonsteroidal anti-inflammatory drug use,nonsteroidal anti-inflammatory drugs
included,,warfarin.json,warfarin_interactions_01,adverse_effect,adverse_effect,causes_side_effect,Warfarin,gastrointestinal bleeding,gastrointestinal bleeding
